name,title,role
Mr Andrew Philip Hetherington,Senior Coroner,Northumberland
HHJ Alexia Durran,The Chief Coroner of England and Wales,Honorary Member
Dr Michael Kennedy,Senior Coroner,Corresponding Member
Mrs Jacqueline F Lake,Senior Coroner,Norfolk
Mr Patrick McGurgan,Senior Coroner,Corresponding Member
Mr Fergal T. Kelly,Senior Coroner,Corresponding Member
Cherry McMillen,Senior Coroner,Corresponding Member
Miss Clare Bailey,Senior Coroner,Teesside and Hartlepool
Justice John Angus MacRitchie,Senior Coroner,Corresponding Member
Mr Peter Nieto,Senior Coroner,Derby and Derbyshire
Ms Mary Hassell,Senior Coroner,London Inner North
Mrs Maria Eileen Voisin,Senior Coroner,Avon
Mr Kevin McLoughlin,Senior Coroner,Yorkshire West Eastern
Dr Eleanor Fitzgerald Loftus,Senior Coroner,Corresponding Member
Mr Andrew Roger Barkley,Senior Coroner,Staffordshire and Stoke-on-Trent
Mr David Heming,Senior Coroner,Cambridgeshire and Peterborough
Mr David William Graham RIDLEY,Senior Coroner,Wiltshire and Swindon
"Matthew J Bowes, MD, FRCPC",Senior Coroner,Corresponding Member
Dr Julian Rupert Laurence Morris,Senior Coroner,London Inner South
Mr Paul Vernon Marks,Senior Coroner,East Riding of Yorkshire and Kingston-upon-Hull
Mr Paul Vernon Marks,Senior Coroner,East Riding of Yorkshire and Kingston-upon-Hull
Dr Myra Cullinane,Senior Coroner,Corresponding Member
Greffier Sarah Kelly,Senior Coroner,Corresponding Member
Justice Lateefa Abisola OKUNNU,Senior Coroner,Corresponding Member
Dirk Huyer MD,Senior Coroner,Corresponding Member
Dr Dirk W Huyer,Senior Coroner,Corresponding Member
Ms Patricia Harding,Senior Coroner,Kent Mid and Medway
Mr Martin Dominic Fleming,Senior Coroner,Yorkshire West Western
Ms Kate Robertson,Senior Coroner,North West Wales
Mr Aled Wyn Gruffydd,Senior Coroner,Swansea and Neath Port Talbot
Mr HG Mark Bricknell,Senior Coroner,Herefordshire
Soerdjbalie-Maikoe,Senior Coroner,Corresponding Member
Ciaran MacLoughlin,Senior Coroner,Corresponding Member
Mr Richard Travers,Senior Coroner,Surrey
Mr André Rebello OBE,Senior Coroner,Liverpool and the Wirral
The Honourable Mr Justice Weir,Senior Coroner,Corresponding Member
Miss Georgina Gibbs,Deputy Chief Coroner,Kent
Dr Brian J Farrell,Senior Coroner,Corresponding Member
Dr Dirk W Huyer,Senior Coroner,Corresponding Member
Mr John Penhale Ellery,Senior Coroner,"Shropshire, Telford and Wrekin"
Mr John Penhale Ellery,Senior Coroner,"Shropshire, Telford and Wrekin"
Miss Maria Dougan,Senior Coroner,Corresponding Member
Mr Alan Wilson,Senior Coroner,Blackpool and Fylde
Mr Roger Linton Hatch,Senior Coroner,Kent North West
The Hon. Mr. Justice Colton,Senior Coroner,Corresponding Member
Mr Philip Spinney,Senior Coroner,"County of Devon, Plymouth & Torbay"
Mr Alan Moore,Senior Coroner,Retired Member
Miss Louise Pinder,Senior Coroner,Rutland and North Leicestershire
Miss Clare Bailey,Senior Coroner,Teesside and Hartlepool
Mr S. McGovern,Senior Coroner,Warwickshire
Mr John Anthony Needham,Senior Coroner,Corresponding Member
Helen Margaret Scott,Senior Coroner,Corresponding Member
Mr David Donald William Reid,Senior Coroner,Worcestershire
Judge Jennifer Coate,Senior Coroner,Corresponding Member
Raymond NAQVI,Senior Coroner,Corresponding Member
Miss Mairin Casey,Senior Coroner,Nottinghamshire
Mrs Caroline Sarah Sumeray,Senior Coroner,Isle of Wight
Mr Nigel Meadows,Senior Coroner,Manchester City
Mr Timothy William Brennand,Senior Coroner,Greater Manchester West
Mr Nigel Parsley,Senior Coroner,Suffolk
Cherry McMillen,Senior Coroner,Corresponding Member
Mr Jonathan Richard Heath,Senior Coroner,North Yorkshire and York
Mr Richard Travers,Senior Coroner,Surrey
Mr André Rebello OBE,Senior Coroner,Liverpool and the Wirral
Mr Cathal Louth,Senior Coroner,Corresponding Member
Graeme Douglas Johnstone,Senior Coroner,Honorary Member
R .David Crawford Clarke,Senior Coroner,Retired Member
Dr Dirk W Huyer,Senior Coroner,Corresponding Member
Mr Lincoln Brookes,Senior Coroner,Essex
Isaac Tan,Senior Coroner,Corresponding Member
Mr Alan Moore,Senior Coroner,Retired Member
Mr Darren Michael Salter,Senior Coroner,Oxfordshire
Miss Georgina Nolan,Senior Coroner,Newcastle and North Tyneside
Dr Prof. Denis A. Cusack,Senior Coroner,Corresponding Member
Mr Terence Carney,Senior Coroner,Gateshead and South Tyneside
Miss Clare Bailey,Senior Coroner,Teesside and Hartlepool
Ms Megan Pullum,Senior Coroner,Corresponding Member
"Matthew J Bowes, MD, FRCPC",Senior Coroner,Corresponding Member
Gordon Matenga,Senior Coroner,Corresponding Member
Ms Alison Brydie Hewitt,Senior Coroner,London City
Mr Andrew Roger Barkley,Senior Coroner,Staffordshire and Stoke-on-Trent
Mr Andrew Cox,Senior Coroner,Cornwall and the Isles of Scilly
Brian G Sherrard,Senior Coroner,Corresponding Member
Ms Joanne Kearsley,Deputy Chief Coroner,Greater Manchester North
Greffier Sarah Kelly,Senior Coroner,Corresponding Member
Mrs Anne Pember,Senior Coroner,Northamptonshire
Mrs Anne-Louise Toal,Senior Coroner,Corresponding Member
Mrs Caroline Sarah Sumeray,Senior Coroner,Isle of Wight
Mary Jerram,Senior Coroner,Corresponding Member
Mr Patrick McGurgan,Senior Coroner,Corresponding Member
Ms Nicola Jane Mundy,Senior Coroner,Yorkshire South East
Wayne Solomon,Senior Coroner,Corresponding Member
Mr Andrew Walker,Senior Coroner,London North
Dr Mary Flanagan,Senior Coroner,Corresponding Member
Mrs Heidi Julia Connor,Senior Coroner,Berkshire
Mr Mark Harris,Senior Coroner,Corresponding Member
Mrs Emma Elizabeth Whitting,Senior Coroner,Bedfordshire and Luton
Dr Fiona Jane Wilcox,Senior Coroner,London Inner West
Dr Richard Joyce,Senior Coroner,Corresponding Member
Ms Penelope Schofield,Senior Coroner,"West Sussex, Brighton and Hove"
Ms Penelope Schofield,Senior Coroner,"West Sussex, Brighton and Hove"
Mr David Place,Senior Coroner,Sunderland
Ms Julie Alison Goulding,Senior Coroner,"Sefton, Knowsley and St Helens"
Mr Tom Osborne,Senior Coroner,Milton Keynes
Mr joseph mccrisken,Senior Coroner,Corresponding Member
Ms Megan Pullum,Senior Coroner,Corresponding Member
Mr Zafar Siddique,Senior Coroner,The Black Country Jurisdiction
Mrs Rachael Clare Griffin,Senior Coroner,Dorset
Ms Alison Brydie Hewitt,Senior Coroner,London City
Ms Patricia Harding,Senior Coroner,Kent Mid and Medway
Mr Philip Comyn,Senior Coroner,Corresponding Member
Dr James Adeley,Senior Coroner,Lancashire and Blackburn with Darwen
Dr Elizabeth A Earland,Senior Coroner,Retired Member
Greffier Sarah Kelly,Senior Coroner,Corresponding Member
Mrs Tanyka Samantha Rawden,Senior Coroner,Yorkshire South West
Mary Jerram,Senior Coroner,Corresponding Member
Mr David Heming,Senior Coroner,Cambridgeshire and Peterborough
Mr Kevin McLoughlin,Senior Coroner,Yorkshire West Eastern
Garry Leslie Evans,Senior Coroner,Corresponding Member
Deborah Malcolm,Senior Coroner,Corresponding Member
Deborah Malcolm,Senior Coroner,Corresponding Member
Mrs. Linda P. Virgill (PHD),Senior Coroner,Corresponding Member
Mr Tony Williams,Senior Coroner,Retired Member
Mr Malcolm Simmons,Senior Coroner,Corresponding Member
Wayne Solomon,Senior Coroner,Corresponding Member
Mrs Louise Hunt,Senior Coroner,Birmingham and Solihull
Dirk Huyer MD,Senior Coroner,Corresponding Member
Mr Mark Harris,Senior Coroner,Corresponding Member
Mr Christopher Campbell Wilkinson,Senior Coroner,"Hampshire, Portsmouth and Southampton"
Mrs Catherine Mason,Senior Coroner,Leicester City and South Leicestershire
Mr Mr P J Bennett,Acting Coroner,Carmarthenshire and Pembrokeshire
Ms Fiona King,Acting Coroner,East Sussex
Miss Kirsty Gomersal,Acting Coroner,Cumbria
Miss Emma Brown,Area Coroner,Birmingham and Solihull
Ms Catherine McKenna,Area Coroner,Greater Manchester North
Mr Nicholas Lane,Area Coroner,"County of Devon, Plymouth & Torbay"
Mr Nicholas Andrew Aldridge,Area Coroner,Corresponding Member
Mr Paul Michael Appleton,Area Coroner,Manchester City
Mr Darren Stewart OBE,Area Coroner,Suffolk
Miss Susan Evans,Area Coroner,Derby and Derbyshire
Rosemary Jane Baxter,Area Coroner,Retired Member
Ms Katrina Hepburn,Area Coroner,Kent Central and South East
Mr Oliver Robert Longstaff,Area Coroner,Yorkshire West Eastern
Mr Jacques Howell,Area Coroner,Hertfordshire
Ms Yvonne Kathleen Blake,Area Coroner,Norfolk
Mr James Bennett,Area Coroner,Birmingham and Solihull
Miss Caroline Margaret Jones,Area Coroner,Cambridgeshire and Peterborough
Mr Brendan Joseph Allen,Area Coroner,Dorset
Mr Nicholas Walker,Area Coroner,"Hampshire, Portsmouth and Southampton"
Ms Sonia Marie Hayes,Area Coroner,Essex
Mrs Claire Welch,Area Coroner,Retired Member
Mr Christopher John Long,Area Coroner,Lancashire and Blackburn with Darwen
Ms Joy Michelle Brown OBE,Area Coroner,Essex
Mrs Joanne Andrews,Area Coroner,"West Sussex, Brighton and Hove"
Mr Joseph Turner,Area Coroner,"West Sussex, Brighton and Hove"
Mr Ivan Cartwright,Area Coroner,Leicester City and South Leicestershire
Miss Sarah Clarke,Area Coroner,Kent North East
Mrs Joanne Lees,Area Coroner,The Black Country Jurisdiction
Miss Jayne Wilkes,Area Coroner,Greater Lincolnshire
Mr Simon Milburn,Area Coroner,Cambridgeshire and Peterborough
Ms ANN MARGARET TAYLOR,Area Coroner,Blackpool and Fylde
Ms Deborah Archer,Area Coroner,"County of Devon, Plymouth & Torbay"
Mrs Rosamund Rhodes-Kemp,Area Coroner,"Hampshire, Portsmouth and Southampton"
Mrs Patricia Claire Morgan,Area Coroner,South Wales Central
Ms Elizabeth Gray,Area Coroner,Cambridgeshire and Peterborough
Miss Emma Serrano,Area Coroner,Staffordshire and Stoke-on-Trent
Ms Suzanne Anderson,Area Coroner,Corresponding Member
Mrs Alison Longhorn,Area Coroner,"County of Devon, Plymouth & Torbay"
Mr Peter Sigee,Area Coroner,Greater Manchester West
Mrs Samantha Goward,Area Coroner,Norfolk
Mrs SARAH LOUISE SLATER,Area Coroner,Yorkshire South East
Ms Catherine Wood,Area Coroner,Kent
Dr clare Keane,Area Coroner,Corresponding Member
Mr Delroy Henry,Area Coroner,Coventry
Mr Chris Morris,Area Coroner,Greater Manchester South
Dr Crona Gallagher,Area Coroner,Corresponding Member
Mr Kimberley Ian Singleton,Area Coroner,Wiltshire and Swindon
Mr Zak Golombeck,Area Coroner,Manchester City
Mrs Rose farmer,Area Coroner,Gwent
Mr Simon Wickens,Area Coroner,Surrey
Ms Catherine Cundy,Area Coroner,North Yorkshire and York
Miss Laurinda Bower,Area Coroner,Nottinghamshire
Mr Daniel Howe,Area Coroner,Staffordshire
Dr Peter Harrowing,Area Coroner,Avon
Mr Grant Davies,Area Coroner,Wiltshire and Swindon
Mrs Anita Bhardwaj,Area Coroner,Liverpool and the Wirral
Ms Jan Alam,Area Coroner,Yorkshire West Eastern
Ms Hannah Godfrey,Area Coroner,Berkshire
Mr Jason Pegg,Area Coroner,"Hampshire, Portsmouth and Southampton"
Miss Lorraine Harris,Area Coroner,East Riding of Yorkshire and Kingston-upon-Hull
Mr Alan Peter Walsh,Area Coroner,Greater Manchester West
Mr Peter Anthony Murphy,Area Coroner,London North
Miss Bina Patel,Area Coroner,Kent Mid and Medway
Mrs Victoria Davies,Area Coroner,Cheshire
Ms Nadia Persaud,Area Coroner,London East
Mr Sean Kevan Horstead,Area Coroner,Essex
Miss Catherine Bisset,Area Coroner,Lancashire and Blackburn with Darwen
Richard Baker,Assistant Coroner,Yorkshire South East
Mr Andrew Perfect,Assistant Coroner,London North
Jo Cooper,Assistant Coroner,Kent Mid and Medway
Jo Cooper,Assistant Coroner,Kent Mid and Medway
Mrs Lauren Costello,Assistant Coroner,Greater Manchester South
Mr Graham William Anthony Jackson,Assistant Coroner,"Sefton, Knowsley and St Helens"
Mr James Hargan,Assistant Coroner,East Riding of Yorkshire and Kingston-upon-Hull
Arthur Joseph Pim,Assistant Coroner,Retired Member
Mr Mr Roland Wooderson,Assistant Coroner,Herefordshire
Ms Jyoti Gill,Assistant Coroner,Greater Manchester South
Mr Heath Westerman,Assistant Coroner,"Shropshire, Telford and Wrekin"
Miss Michelle Haste,Assistant Coroner,London Inner South
Mr John Joseph Buckley,Assistant Coroner,Warwickshire
John Ryan,Assistant Coroner,Coventry
Mrs Sally Morgan,Assistant Coroner,"West Sussex, Brighton and Hove"
Mr Richard Thomas Middleton,Assistant Coroner,Dorset
Miss Sunyana Sharma,Assistant Coroner,"Hampshire, Portsmouth and Southampton"
Mrs Helen Rimmer,Assistant Coroner,Liverpool and the Wirral
Miss Sarah Riley,Assistant Coroner,North West Wales
Mr Andrew Morse,Assistant Coroner,South Wales Central
Mrs Emma Mather,Assistant Coroner,Yorkshire West Eastern
Mrs Anna Loxton,Assistant Coroner,Surrey
Mr Michael Walsh,Assistant Coroner,Oxfordshire
Mr David Julian Rosenberg,Assistant Coroner,East Riding of Yorkshire and Kingston-upon-Hull
Ms Anita Davies,Assistant Coroner,Cambridgeshire and Peterborough
Ms Marianne Johnson,Assistant Coroner,Greater Lincolnshire
Mr Xavier Mooyaart,Assistant Coroner,London Inner South
Mr Professor John S Pollard,Assistant Coroner,Greater Manchester West
Miss Deborah Sewell,Assistant Coroner,Warwickshire
Robert Edward Stone,Assistant Coroner,
Mr Michael Senior Salt,Assistant Coroner,Greater Manchester North
Mr Benjamin Haigh,Assistant Coroner,Teesside and Hartlepool
Miss Sarah Anna Middleton,Assistant Coroner,East Riding of Yorkshire and Kingston-upon-Hull
Mrs Michaela Amy Blackmore,Assistant Coroner,Warwickshire
Ms AMANDA CLAIRE HILL,Assistant Coroner,Yorkshire West Western
Miss Rachel Raheela Syed,Assistant Coroner,Greater Manchester West
Mrs Sally Anne Robinson,Assistant Coroner,East Riding of Yorkshire and Kingston-upon-Hull
Kevin Paul Eastwick,Assistant Coroner,Essex
Mr Simon Tait,Assistant Coroner,Yorkshire South East
Mr Paul Stanford Cooper,Assistant Coroner,Greater Lincolnshire
Ms Saba Naqshbandi,Assistant Coroner,London Inner North
Mrs LINDA KAREN HADFIELD LEE,Assistant Coroner,Coventry
Mrs Katy Dickinson,Assistant Coroner,Yorkshire South West
Mr Christopher Leach,Assistant Coroner,Norfolk
Mr Carl John FITCH,Assistant Coroner,Yorkshire South West
Mrs kirsten heaven,Assistant Coroner,Swansea and Neath Port Talbot
Miss Sian Reeves,Assistant Coroner,London South
SARAH ANNE MARGARET MARTIN,Assistant Coroner,Wolverhampton
Ms Kate Wilson,Assistant Coroner,Liverpool and the Wirral
Ms Rachel Galloway,Assistant Coroner,Lancashire and Blackburn with Darwen
Mr David John John Sapiecha,Assistant Coroner,Somerset
James Stewart Hunter,Assistant Coroner,Lancashire and Blackburn with Darwen
Mrs LOUISA ALICE ELIZABETH JONES CORCORAN,Assistant Coroner,Ceredigion
Laura Wendy Johnson,Assistant Coroner,London East
Mr Gordon Clow,Assistant Coroner,Nottinghamshire
Ms Mary T Burke,Assistant Coroner,Yorkshire West Western
Mr Richard Mumford,Assistant Coroner,Hertfordshire
Mr Chris Murray,Assistant Coroner,Greater Manchester South
Ms Judith Vanessa Leach,Assistant Coroner,Oxfordshire
Ms Ellie Oakley,Assistant Coroner,London Inner West
Mrs Elizabeth Wheeler,Assistant Coroner,Cheshire
Ms Leanne Woods,Assistant Coroner,London East
Ms Victoria Alexandra Webb,Assistant Coroner,London South
Jonathan Saul Godfrey,Assistant Coroner,Yorkshire South East
Mr Neil Cameron,Assistant Coroner,Yorkshire South East
Miss Sarah Murphy,Assistant Coroner,Staffordshire and Stoke-on-Trent
Samuel James Faulks,Assistant Coroner,Teesside and Hartlepool
Ms Rebecca Ollivere,Assistant Coroner,Birmingham and Solihull
Mr Colin Phillips,Assistant Coroner,Swansea and Neath Port Talbot
Ms Abigail Combes,Assistant Coroner,Yorkshire South East
Mrs Deborah Suzanne Rookes,Assistant Coroner,Dorset
Mr RAVI SIDHU,Assistant Coroner,Berkshire
Miss Clare Doherty,Assistant Coroner,Blackpool and Fylde
Mr James Brooks,Assistant Coroner,Corresponding Member
Mr Jonathan Dixey,Assistant Coroner,Northamptonshire
Mr Michael Wallbank,Assistant Coroner,Greater Manchester South
Ms Susanna Rickard,Assistant Coroner,Birmingham and Solihull
Mr Richard Guy Davies,Assistant Coroner,Cornwall and the Isles of Scilly
Mr Adrian John Farrow,Assistant Coroner,Greater Manchester South
Mr Edward Ramsay,Assistant Coroner,Swansea and Neath Port Talbot
Ms Laura Stephenson,Assistant Coroner,London South
Mr Mark Andrew Beresford,Assistant Coroner,Yorkshire South
Dr Shirley Radcliffe,Assistant Coroner,London East
Dr Nicholas Alastair Shaw,Assistant Coroner,Cumbria
Ms Jenny Goldring,Assistant Coroner,London Inner South
Ms Fleur Hallett,Assistant Coroner,London Inner South
Mr Henry Frederick Charles,Assistant Coroner,"Hampshire, Portsmouth and Southampton"
Mrs Eleanor Kay McGann,Assistant Coroner,Essex
Mr John Hobson,Assistant Coroner,Yorkshire West Eastern
Miss Amanda Jane Bewley,Assistant Coroner,Nottinghamshire
Mr Russell Ashley Caller,Assistant Coroner,London Inner West
Mr Robert Cohen,Assistant Coroner,Cumbria
Miss Rebecca Louise Covington,Assistant Coroner,Nottinghamshire
Mrs Lindsey Tonks,Assistant Coroner,Staffordshire and Stoke-on-Trent
Mr Mike Bird,Assistant Coroner,"County of Devon, Plymouth & Torbay"
Ms Anna Jayne Walsh,Assistant Coroner,Surrey
Ms Angharad Davies,Assistant Coroner,Manchester City
Mrs Victoria Louise Cook,Assistant Coroner,Dorset
Timothy H Ratcliffe,Assistant Coroner,Yorkshire West Western
Dr Margaret Bayes MBE,Assistant Coroner,Corresponding Member
Mr John Joseph Buckley,Assistant Coroner,Warwickshire
Mr Simon Brenchley,Assistant Coroner,Birmingham and Solihull
Mr Edmund Gritt,Assistant Coroner,London South
Mr Rob Sowersby,Assistant Coroner,Avon
Ms Alicia Keen,Assistant Coroner,"West Sussex, Brighton and Hove"
Ms Rebecca Anne Mundy,Assistant Coroner,Essex
Miss Elizabeth Dudley-Jones,Assistant Coroner,North Wales (East & Central)
Miss Fiona Morrison,Assistant Coroner,Yorkshire South West
Dr Gill Kane,Assistant Coroner,North Yorkshire and York
Mr Nicholas Leslie Rheinberg,Assistant Coroner,Wiltshire and Swindon
Mr Paul Dunn,Assistant Coroner,Northumberland North
Miss Sophie Cartwright KC,Assistant Coroner,Derby and Derbyshire
Miss Sabyta Kaushal,Assistant Coroner,Derby and Derbyshire
Ms Sally Hatfield,Assistant Coroner,Manchester City
Dr Nick Armstrong KC,Assistant Coroner,"West Sussex, Brighton and Hove"
Mr Andrew Michael Bridgman,Assistant Coroner,Greater Manchester South
Miss Janine Richards,Assistant Coroner,County Durham and Darlington
Miss Sarah Jane Wood,Assistant Coroner,Nottinghamshire
Mr Scott McDonnell,Assistant Coroner,Surrey
Mr Patrick Cassidy,Assistant Coroner,Blackpool and Fylde
Mrs Emma Morris,Assistant Coroner,"Hampshire, Portsmouth and Southampton"
Arthur Joseph Pim,Assistant Coroner,Retired Member
Mr Hassan Shah,Assistant Coroner,Northamptonshire
Mr Scott Matthewson,Assistant Coroner,Kent Mid and Medway
Mr Nadim Bashir,Assistant Coroner,Yorkshire East
Neil Joseph Cronin,Assistant Coroner,Lancashire and Blackburn with Darwen
Ms Samantha Broadfoot,Assistant Coroner,Cambridgeshire and Peterborough
Ms Gemma Brannigan,Assistant Coroner,Oxfordshire
Ms Caroline Cross,Assistant Coroner,London Inner South
Ms Nicola Jones,Assistant Coroner,Retired Member
Mr Benjamin John Myers,Assistant Coroner,Greater Manchester South
Kevin Paul Eastwick,Assistant Coroner,Essex
Mrs Marilyn Whittle,Assistant Coroner,Yorkshire South West
Mr Andrew David Cousins,Assistant Coroner,Blackpool and Fylde
Mr Professor John S Pollard,Assistant Coroner,Greater Manchester West
Mr Anthony Mazzag,Assistant Coroner,Manchester City
Mr Craig Smith,Assistant Coroner,Cumbria
Miss Miss Briony Ballard,Assistant Coroner,London Inner South
Mr Adam Smith,Assistant Coroner,Milton Keynes
Mr Gareth jones,Assistant Coroner,"West Sussex, Brighton and Hove"
Mrs Karen Harrold,Assistant Coroner,"West Sussex, Brighton and Hove"
Miss Jessica Swift,Assistant Coroner,East Riding of Yorkshire and Kingston-upon-Hull
Mrs Nathalie Ann James,Assistant Coroner,Yorkshire South West
Miss Fiona Butler,Assistant Coroner,The Black Country Jurisdiction
Mr Andrew James Blair,Assistant Coroner,Teesside and Hartlepool
Sir Scott Baker,Assistant Coroner,Honorary Member
Mrs Caroline Chandler,Assistant Coroner,Yorkshire West Western
Dr Peter Henry Straker,Assistant Coroner,London North
Mrs Sarah Le Fevre,Assistant Coroner,Gwent
Miss ana samuel,Assistant Coroner,Birmingham and Solihull
Miss Sarah Valentine,Assistant Coroner,London Inner South
Mr Matthew A Cox,Assistant Coroner,Greater Manchester North
Ms Sophie Kate Mortimer,Assistant Coroner,Hertfordshire
Samuel James Faulks,Assistant Coroner,Teesside and Hartlepool
Ms Gilva Dagmar Jane Tisshaw,Assistant Coroner,Brighton and Hove
Ms Sabina Khan,Assistant Coroner,London Inner West
Mrs Rebecca Sutton,Assistant Coroner,County Durham and Darlington
Miss Ceri Iona Evan Owen,Assistant Coroner,Greater Manchester West
Ms Louise Wiltshire,Assistant Coroner,"County of Devon, Plymouth & Torbay"
Mr Joseph Hart,Assistant Coroner,Liverpool and the Wirral
Mr Jonathan Straw,Assistant Coroner,Nottinghamshire
Ms Myfanwy Buckeridge,Assistant Coroner,Avon
Mr Matthew Stanbury,Assistant Coroner,Yorkshire South East
Ms Mary T Burke,Assistant Coroner,Yorkshire West Western
Ms Melanie Lee,Assistant Coroner,London Inner North
Mr Ian Wade KC,Assistant Coroner,London East
Mr Duncan Ritchie,Assistant Coroner,Staffordshire and Stoke-on-Trent
Mr Peter Taheri,Assistant Coroner,Suffolk
Miss S DEONARINE,Assistant Coroner,London Inner South
Ms Katy Ainge,Assistant Coroner,Liverpool and the Wirral
Mr Philip Barlow,Assistant Coroner,London Inner South
Ms Sarah Nolan,Assistant Coroner,Derby and Derbyshire
Miss Naomi McLoughlin,Assistant Coroner,Yorkshire West Eastern
Mr John Taylor,Assistant Coroner,London North
Dr Murray James Spittal,Assistant Coroner,Retired Member
Ms Judith Elizabeth Duffin,Assistant Coroner,Hertfordshire
Mr Bernard Richmond QC,Assistant Coroner,London Inner West
Ms Joanna Coleman,Assistant Coroner,Oxfordshire
Mrs Priya Malhotra,Assistant Coroner,London Inner West
Mrs Charlotte Keighley,Assistant Coroner,Cheshire
Mr Ian Potter,Assistant Coroner,London Inner North
Dr Patricia Londono,Assistant Coroner,London South
Ms Tina Amanda Harrington,Assistant Coroner,Essex
Mrs Angela Carol Brocklehurst,Assistant Coroner,Yorkshire West Western
Sara Sutherland,Assistant Coroner,Lancashire and Blackburn with Darwen
Mr Nick Seán Stanage,Assistant Coroner,Manchester City
Dr Shirley Radcliffe,Assistant Coroner,London East
Mr Edwin Buckett,Assistant Coroner,London Inner North
Miss Lisa Judge,Assistant Coroner,Greater Manchester West
Mr Gareth Lewis,Assistant Coroner,Carmarthenshire and Pembrokeshire
Miss Luisa Maria Nicholson,Assistant Coroner,"County of Devon, Plymouth & Torbay"
Mrs Gaynor Kynaston,Assistant Coroner,South Wales Central
Mr Tim Suter,Assistant Coroner,Berkshire
Mrs Karen Dilks,Assistant Coroner,Newcastle and North Tyneside
Ms Vanessa McKinlay,Assistant Coroner,Birmingham and Solihull
Mrs Julie Mitchell,Assistant Coroner,Greater Manchester North
Mr Matthew Kewley,Assistant Coroner,Derby and Derbyshire
Miss Thea Wilson,Assistant Coroner,Essex
Miss Rachel Elisabeth Knight,Assistant Coroner,South Wales Central
Miss Lindsay Tasker,Assistant Coroner,Greater Lincolnshire
Mr James Jerome Dillon,Assistant Coroner,Kent North East
Mr Ian Christopher James Dreelan,Assistant Coroner,Birmingham and Solihull
Miss Laura Nash,Assistant Coroner,Lancashire and Blackburn with Darwen
Miss Laura Fox,Assistant Coroner,Lancashire and Blackburn with Darwen
Ms Eunice Marland,Assistant Coroner,"Hampshire, Portsmouth and Southampton"
Mr Thomas Richard Geoffrey Leeper,Assistant Coroner,Warwickshire
Mrs Susan Duncan,Assistant Coroner,Greater Manchester West
Miss Hannah Mettam,Assistant Coroner,Nottinghamshire
Dr Séan Cummings,Assistant Coroner,Milton Keynes
Mr Edward Steele,Assistant Coroner,East Riding of Yorkshire and Kingston-upon-Hull
Mr David Manknell KC,Assistant Coroner,London Inner South
Mrs Li Hammond Naylor,Assistant Coroner,Staffordshire and Stoke-on-Trent
Mr Martin Douglas Oldham,Assistant Coroner,Retired Member
Ms Sally Ann Case,Assistant Coroner,Surrey
Mr Stephen George Eccleston,Assistant Coroner,Yorkshire West Western
Mr James Edward Thompson,Assistant Coroner,County Durham and Darlington
Dr Bridget Dolan KC,Assistant Coroner,"West Sussex, Brighton and Hove"
Mrs Sarah L. Whitby,Assistant Coroner,"Hampshire, Portsmouth and Southampton"
Dr Karen Henderson,Assistant Coroner,Surrey
Miss Kate Thomas,Assistant Coroner,Kent Mid and Medway
Mr Sebastian Hugh Joseph Naughton,Assistant Coroner,London South
Ms Angela Woolnough,Assistant Coroner,Coventry
Mr Robert Simpson,Assistant Coroner,Berkshire
Mr Ivor Collett,Assistant Coroner,London West
Mrs Hannah Victoria Berry,Assistant Coroner,Yorkshire South West
Ms Paula Sparks,Assistant Coroner,London South
Dr Sam Bass,Assistant Coroner,Cambridgeshire and Peterborough
Joanna Lesley Pratt,Assistant Coroner,East Sussex
Ms Anna Morris,Assistant Coroner,Greater Manchester South
Miss Fiona Jane Gingell,Assistant Coroner,Nottinghamshire
Dr Leslie Hamilton,Assistant Coroner,County Durham and Darlington
Miss Charlotte Mary Crangle,Assistant Coroner,Derby and Derbyshire
Dr Rashid Sohail,Assistant Coroner,Manchester City
Miss Kelly Elizabeth Dixon,Assistant Coroner,The Black Country Jurisdiction
Mr Michael Louis Sheridan Mellun,Assistant Coroner,Retired Member
Ms Rachel Spearing,Assistant Coroner,"Hampshire, Portsmouth and Southampton"
Ms Kate Fawell-Comley,Assistant Coroner,"West Sussex, Brighton and Hove"
Ms Valerie Charbit,Assistant Coroner,London West
Mr james puzey,Assistant Coroner,Worcestershire
Mr Simon Connolly,Assistant Coroner,County Durham and Darlington
Ms Saoirse Townshend,Assistant Coroner,Bedfordshire and Luton
Mr James Healy-Pratt,Assistant Coroner,East Sussex
Miss Lorna Jane Skinner QC,Assistant Coroner,Cambridgeshire and Peterborough
Miss Caroline Topping,Assistant Coroner,Surrey
Mr Keith Morton QC,Assistant Coroner,Cambridgeshire and Peterborough
Mr Philip Anthony Holden,Assistant Coroner,Yorkshire West Eastern
Dr Liliane Marthe Field,Assistant Coroner,London Inner South
Mr Simon M Holder,Assistant Coroner,"Sefton, Knowsley and St Helens"
Mr James Lester-Ashworth,Assistant Coroner,Manchester City
Ms Myfanwy Buckeridge,Assistant Coroner,Avon
Mr Tony Badenoch,Assistant Coroner,London Inner South
Mr Stephen Simblet KC,Assistant Coroner,Essex
Ms Hannah Hinton,Assistant Coroner,London West
Miss Bronia Elisabeth Hartley,Assistant Coroner,Greater Manchester West
Mr Tim Holloway,Assistant Coroner,Blackpool and Fylde
Mr Matthew A Cox,Assistant Coroner,Greater Manchester North
Ms Heather Williams,Assistant Coroner,Retired Member
Dr Anton van Dellen,Assistant Coroner,London West
Mr Ian Geoffrey Pears,Assistant Coroner,Yorkshire West Western
Ms Sophie Lomas,Assistant Coroner,Derby and Derbyshire
Ms jessica russell-mitra,Assistant Coroner,Retired Member
Mr Jonathan D P Stevens,Assistant Coroner,London Inner North
Mrs Deborah Rachel Lakin,Assistant Coroner,Warwickshire
Dr Simon Fox QC,Assistant Coroner,Avon
Mrs Laura May Bradford,Assistant Coroner,East Sussex
Mrs Rebecca Connell,Assistant Coroner,Yorkshire South West
Mr Michael James Pemberton,Assistant Coroner,Greater Manchester West
Mr Gavin Knox,Assistant Coroner,South Wales Central
Peter Charles Gore,Assistant Coroner,Yorkshire South East
Mrs Alison Norton,Assistant Coroner,North Yorkshire and York
Ms KATY THORNE KC,Assistant Coroner,Berkshire
Sian Scott Jones,Assistant Coroner,Lancashire and Blackburn with Darwen
Miss Linda Jacobs,Assistant Coroner,London City
Miss Louise E Rae,Assistant Coroner,Blackpool and Fylde
Ms Johanna Thompson,Assistant Coroner,Norfolk
Mrs Emma Hillson,Assistant Coroner,Cornwall and the Isles of Scilly
Donald Georgelin,Assistant Coroner,Corresponding Member
Mr James Maxwell-Scott KC,Assistant Coroner,Hertfordshire
Mr Nick Seán Stanage,Assistant Coroner,Manchester City
Mr Jake Taylor,Assistant Coroner,London Inner West
Mr Alexander Miles Frodsham,Assistant Coroner,Cheshire
Ms Justine Spencer,Assistant Coroner,Berkshire
Mr Adam Hodson,Assistant Coroner,Birmingham and Solihull
Mrs Karen Dilks,Assistant Coroner,Newcastle and North Tyneside
Mr Andrew Perfect,Assistant Coroner,London North
Mr David Lewis,Assistant Coroner,Liverpool and the Wirral
Mr Kevin Baumber,Assistant Coroner,Hertfordshire
Ms Sarah Bourke,Assistant Coroner,London Inner North
Dr Karen Henderson,Assistant Coroner,Surrey
Sir Peter Thornton QC,Assistant Coroner,London City
Miss Lorna Jane Skinner QC,Assistant Coroner,Cambridgeshire and Peterborough
Mr Harry Nathaniel Lambert,Assistant Coroner,London Inner North
Dr M D Dominic Bell,Assistant Coroner,Yorkshire West Western
Miss Kerrie Burge,Assistant Coroner,South Wales Central
Daniel Kremer,Assistant Coroner,East Sussex
Ms Leila Benyounes,Assistant Coroner,Gateshead and South Tyneside
Miss Anna Crawford,Assistant Coroner,Surrey
Ms Amy Street,Assistant Coroner,Bedfordshire and Luton
Miss Jane Eatock,Assistant Coroner,Greater Lincolnshire
Mr J Mark Layton,Assistant Coroner,Ceredigion
Mr Colin Phillips,Assistant Coroner,Swansea and Neath Port Talbot
Ms Jyoti Gill,Assistant Coroner,Greater Manchester South
Mr christopher paul williams,Assistant Coroner,London Inner South
Ms Susan Ridge,Assistant Coroner,Surrey
Mr Philip Vollans,Assistant Coroner,Staffordshire and Stoke-on-Trent
Miss Isobel Thistlethwaite,Assistant Coroner,Leicester City and South Leicestershire
Mrs Kiran Chahal-Musgrave,Assistant Coroner,"Hampshire, Portsmouth and Southampton"
Mr Jonathan David Leach,Assistant Coroner,North Yorkshire and York
Mr David Pojur,Assistant Coroner,North Wales (East & Central)
Mr Michael Wall,Assistant Coroner,Nottinghamshire
Mr Crispin Oliver,Assistant Coroner,County Durham and Darlington
Mr Paul John Rogers,Assistant Coroner,London Inner West
Mrs Elizabeth Megan Brown,Assistant Coroner,Nottinghamshire
J. Nigel Anderson,Assistant Coroner,Derby and Derbyshire
Miss Alison McCormick,Assistant Coroner,Berkshire
Miss Janine Wolstenholme,Assistant Coroner,Yorkshire West Eastern
Dr M D Dominic Bell,Assistant Coroner,Yorkshire West Western
Dr Marc Lindsey Leeming,Assistant Coroner,Southend (No 2)
Dr Leslie Hamilton,Assistant Coroner,County Durham and Darlington
Mr Thomas Crookes,Assistant Coroner,Newcastle and North Tyneside
Ms Karen Dempsey,Assistant Coroner,London South
Mrs Dianne Hocking,Assistant Coroner,Leicester City and South Leicestershire
Mr Tom Stoate,Assistant Coroner,Bedfordshire and Luton
Dr Jeane Rosa Mellani,Assistant Coroner,Essex
Mr David Regan,Assistant Coroner,South Wales Central
Miss Rachel Young,Assistant Coroner,Greater Lincolnshire
Mr Mike Bird,Assistant Coroner,"County of Devon, Plymouth & Torbay"
Dr Karen Henderson,Assistant Coroner,Surrey
Mr James Newman,Assistant Coroner,Lancashire and Blackburn with Darwen
Mr Kevin Baumber,Assistant Coroner,Hertfordshire
Ms Sally Olsen,Assistant Coroner,"Hampshire, Portsmouth and Southampton"
Anthony Howard,Assistant Coroner,Lancashire and Blackburn with Darwen
Mr Richard Watson,Assistant Coroner,North Yorkshire and York
Mr Nathanael James Hartley,Assistant Coroner,Nottinghamshire
Ms Allison SUMMERS,Assistant Coroner,Kent Mid and Medway
Mr Tim Deeming,Assistant Coroner,Suffolk
Miss Neena Sharma,Assistant Coroner,Nottinghamshire
Mrs Krestina Hayes,Assistant Coroner,Surrey
Miss Kirsten Mercer,Assistant Coroner,Newcastle and North Tyneside
Dr Sam Bass,Assistant Coroner,Cambridgeshire and Peterborough
Miss Helena Gallagher,Assistant Coroner,Yorkshire West Eastern
Mr Stephen Covell,Assistant Coroner,Cornwall and the Isles of Scilly
Miss Sarah Watson,Assistant Coroner,Yorkshire West Eastern
Helen Daly,Assistant Coroner,London North
Mrs Deborah Ann,Judge Coroner,Corresponding Member
Mr Paul B Matthews,Judge Coroner,Retired Member
Mr Roger William Elsey,Judge Coroner,Corresponding Member
HHJ Mark Lucraft QC,Judge Coroner,Honorary Member
John Goldring,Judge Coroner,Yorkshire South East
Mr Graeme Dewar McKerrell,Judge Coroner,Corresponding Member
Lord Burnett of Maldon,Judge Coroner,Honorary Member
Mr Nicholas Sanders,Judge Coroner,Corresponding Member
Mr Paul Kelly,Former Coroner,Retired Member
Alan L Maddrell,Former Coroner,Retired Member
Dr David J Osborne,Former Coroner,Retired Member
Peter Gerard Ashworth,Former Coroner,Retired Member
Eric Armstrong,Former Coroner,Retired Member
Mr John Matthews,Former Coroner,Retired Member
James M Symington,Former Coroner,Retired Member
D Hinchliff,Former Coroner,Retired Member
Edward T Carlyon,Former Coroner,Retired Member
Michael R Rose,Former Coroner,Retired Member
Mr JOHN BROADBRIDGE,Former Coroner,North Yorkshire and York
Miss Alison M Thompson MBE,Former Coroner,Retired Member
Michael R Rose,Former Coroner,Retired Member
T Kelly,Former Coroner,Retired Member
Mr Sheriff S Payne,Former Coroner,Retired Member
Mr Mark Noel Kendall,Former Coroner,Leicestershire
Mr Stuart P G Fisher,Former Coroner,Retired Member
P M Walters,Former Coroner,Retired Member
Richard M Whittington,Former Coroner,Retired Member
Mr Ian Smith,Former Coroner,Retired Member
Ms Lisa Jeanette Hashmi,Former Coroner,Retired Member
Mr Peter Judge,Former Coroner,Corresponding Member
Mr Geoff L Fell,Former Coroner,Retired Member
Mr Michael Singleton,Former Coroner,Retired Member
Mr Christopher Dorries,Former Coroner,Retired Member
Keith M Dowding,Former Coroner,Retired Member
C W Malcolm Donnelly,Former Coroner,Retired Member
Mr Edward G Thomas,Former Coroner,Retired Member
E Stanley Hooper,Former Coroner,Retired Member
R J Balmain,Former Coroner,Retired Member
Mr David Clark Horsley,Former Coroner,Retired Member
Richard A Hulett,Former Coroner,Retired Member
Mr Dewi Pritchard Jones,Former Coroner,Retired Member
Roger Douglas Atkinson,Former Coroner,Retired Member
David Mitford,Former Coroner,Retired Member
Dr Peter Dean,Former Coroner,Retired Member
Mr Andrew Adrian Haigh,Former Coroner,Retired Member
Dr David J Osborne,Former Coroner,Retired Member
Dr Paul A Knapman,Former Coroner,Retired Member
Anthony F T Sibcy,Former Coroner,Retired Member
Peter Gerard Ashworth,Former Coroner,Retired Member
Mr SIMON NELSON,Former Coroner,Greater Manchester West
Ms Maureen Taylor,Former Coroner,Retired Member
D Hinchliff,Former Coroner,Retired Member
Nigel D Chapman,Former Coroner,Retired Member
Edward T Carlyon,Former Coroner,Retired Member
Mr Andrew Harris,Former Coroner,Retired Member
Robert William Wilson,Former Coroner,Retired Member
Mr V F Round,Former Coroner,Retired Member
David M Halpern,Former Coroner,Retired Member
Mr C W Johnson,Former Coroner,Retired Member
Michael J F Sheffield,Former Coroner,Retired Member
Mr C. Brian Gallon,Former Coroner,Retired Member
D C Masters,Former Coroner,Retired Member
Mr David R Sarginson,Former Coroner,Retired Member
Mr Andrew M Bradley,Former Coroner,Retired Member
Rodney H G Corner MBE,Former Coroner,Retired Member
Miss Wendy James,Former Coroner,Retired Member
Mr Christopher Kent Sumner,Former Coroner,Retired Member
Miss Veronica HAMILTON-DEELEY,Former Coroner,Retired Member
Alan L Maddrell,Former Coroner,Retired Member
Hamish M Turner,Former Coroner,Retired Member
Mike C Johnston,Former Coroner,Retired Member
Mr John Matthews,Former Coroner,Retired Member
J Stewart Atkinson,Former Coroner,Retired Member
Lawrence S Addicott,Former Coroner,Retired Member
Michael T Gwynne,Former Coroner,Retired Member
Mr John C Taylor,Former Coroner,Retired Member
Mr Rob Turnbull,Former Coroner,Retired Member
Mr JOHN BROADBRIDGE,Former Coroner,North Yorkshire and York
James M Symington,Former Coroner,Retired Member
Dr Alexander Robert Walker Forrest,Former Coroner,Retired Member
Wm J Armstrong OBE,Former Coroner,Retired Member
Dr E. Emma Carlyon,Former Coroner,Retired Member
Leslie Sommer,Retired/Honorary members,Honorary Member
Ms Rebecca Margaret COBB,Retired/Honorary members,Retired Member
Mr James Parker,Retired/Honorary members,Honorary Member
Dr John Leckey,Retired/Honorary members,Honorary Member
Dr Robert Hunter,Retired/Honorary members,Retired Member
Mr Alan R Craze,Retired/Honorary members,Retired Member
Mr Andrew Tweddle,Retired/Honorary members,Retired Member
N G Gardiner,Retired/Honorary members,Retired Member
Dr Roy N Palmer,Retired/Honorary members,London City
Mr Thomas LUCE,Retired/Honorary members,Honorary Member
Mr Tony Brown,Retired/Honorary members,Retired Member
Ms Henrietta Hill QC,Retired/Honorary members,Honorary Member
Mr Geoffrey M. Saul,Retired/Honorary members,Retired Member
Mr Roger J Sykes,Retired/Honorary members,Retired Member
Miss Lynette Hill,Retired/Honorary members,Honorary Member
Mr Ian Smith,Retired/Honorary members,Retired Member
Mr Raymond Hemingray,Retired/Honorary members,Honorary Member
William R Knowles,Retired/Honorary members,Retired Member
Mr Robert Chapman,Retired/Honorary members,Retired Member
Mr T H Kirkman,Retired/Honorary members,Retired Member
Mrs Becky Gunning,Retired/Honorary members,Honorary Member
Mr Derek Winter DL,Retired/Honorary members,Retired Member
Dr William F G Dolman,Retired/Honorary members,Retired Member
Mr Michael F Coker MBE,Retired/Honorary members,Retired Member
Mrs Caroline Beasley-Murray OBE,Retired/Honorary members,Retired Member
"Mr Michael J C Burgess CVO, OBE",Retired/Honorary members,Retired Member
Mr DAVID MORRIS,Retired/Honorary members,Retired Member
Ms Selena R Lynch,Retired/Honorary members,Retired Member
HHJ Edward Thomas Henry Teague QC,Retired/Honorary members,Honorary Member
Ms Denise J Bruce,Fiscal,Corresponding Member
Mr Geoffrey Main,Fiscal,Corresponding Member
David B Harvie,Fiscal,Corresponding Member
Mr Andy Shanks,Fiscal,Corresponding Member
Miss Jennifer Forbes,Fiscal,Corresponding Member
Mr David Crawford,Fiscal,Corresponding Member
Mrs Katrina Parkes,Fiscal,Corresponding Member
Mrs Jemma Eadie,Fiscal,Corresponding Member
Mrs Viki Yuille,Fiscal,Corresponding Member
Miss Stephanie Blair,Fiscal,Corresponding Member
Mr David S. A. Green,Fiscal,Corresponding Member
Ms Karima Stewart,Fiscal,Corresponding Member
Ms Selena Brown,Fiscal,Corresponding Member
Mr Joseph Kelly,Corresponding Member,Corresponding Member
Mr Brian O'Connor,Corresponding Member,Corresponding Member
Ms Rebecca Lynne Cubbon,Corresponding Member,Corresponding Member
Dr Mary McCaffrey,Corresponding Member,Corresponding Member